"SYMBOL 
","COMPANY 
","REGULATION 
","NAME OF THE ACQUIRER/DISPOSER 
","CATEGORY OF PERSON 
","TYPE OF SECURITY (PRIOR) 
","NO. OF SECURITY (PRIOR) 
","% SHAREHOLDING (PRIOR) 
","TYPE OF SECURITY (ACQUIRED/DISPLOSED) 
","NO. OF SECURITIES (ACQUIRED/DISPLOSED) 
","VALUE OF SECURITY (ACQUIRED/DISPLOSED) 
","ACQUISITION/DISPOSAL TRANSACTION TYPE 
","TYPE OF SECURITY (POST) 
","NO. OF SECURITY (POST) 
","% POST 
","DATE OF ALLOTMENT/ACQUISITION FROM 
","DATE OF ALLOTMENT/ACQUISITION TO 
","DATE OF INITMATION TO COMPANY 
","MODE OF ACQUISITION 
","DERIVATIVE TYPE SECURITY 
","DERIVATIVE CONTRACT SPECIFICATION 
","NOTIONAL VALUE(BUY) 
","NUMBER OF UNITS/CONTRACT LOT SIZE (BUY) 
","NOTIONAL VALUE(SELL) 
","NUMBER OF UNITS/CONTRACT LOT SIZE  (SELL) 
","EXCHANGE 
","REMARK 
","BROADCASTE DATE AND TIME 
","XBRL 
"
"BAJFINANCE","Bajaj Finance Limited","7(2)","Shri Rajeev Jain","Director","Equity Shares","52700","0",,"101250","22240575","Buy","Equity Shares","153950","0.02","08-Jun-2020","08-Jun-2020","08-Jun-2020","ESOP","-","-","0","0","0","0","NA","-","08-Jun-2020 19:29","https://archives.nseindia.com/corporate/xbrl/IT_1073203_264162_08062020072944_WEB.xml"
"BAJFINANCE","Bajaj Finance Limited","7(2)","Shri Sidhant Dadwal","Employees/Designated Employees","Equity Shares","14526","0",,"9500","24042885","Pledge Revoke","Equity Shares","14526","0","08-Jun-2020","08-Jun-2020","08-Jun-2020","Revokation of Pledge","-","-","0","0","0","0","NA","-","08-Jun-2020 19:29","https://archives.nseindia.com/corporate/xbrl/IT_1073203_264162_08062020072944_WEB.xml"
"BAJFINANCE","Bajaj Finance Limited","7(2)","Shri Rajeev Jain","Director","Equity Shares","104250","0.02",,"50300","126319396","Sell","Equity Shares","53950","0","08-Jun-2020","08-Jun-2020","08-Jun-2020","Market Sale","-","-","0","0","0","0","NSE","-","08-Jun-2020 19:29","https://archives.nseindia.com/corporate/xbrl/IT_1073203_264162_08062020072944_WEB.xml"
"BAJFINANCE","Bajaj Finance Limited","7(2)","Shri Rajeev Jain","Director","Equity Shares","153950","0.02",,"49700","124473650","Sell","Equity Shares","104250","0.01","08-Jun-2020","08-Jun-2020","08-Jun-2020","Market Sale","-","-","0","0","0","0","NSE","-","08-Jun-2020 19:29","https://archives.nseindia.com/corporate/xbrl/IT_1073203_264162_08062020072944_WEB.xml"
"BAJFINANCE","Bajaj Finance Limited","7(2)","Shri Rajeev Jain","Director","Equity Shares","153950","0.02",,"50300","126319396","Pledge Revoke","Equity Shares","153950","0.03","08-Jun-2020","08-Jun-2020","08-Jun-2020","Revokation of Pledge","-","-","0","0","0","0","NA","-","08-Jun-2020 19:29","https://archives.nseindia.com/corporate/xbrl/IT_1073203_264162_08062020072944_WEB.xml"
"BAJFINANCE","Bajaj Finance Limited","7(2)","Shri Rajeev Jain","Director","Equity Shares","153950","0.02",,"101250","253185750","Pledge","Equity Shares","153950","0.02","08-Jun-2020","08-Jun-2020","08-Jun-2020","Pledge Creation","-","-","0","0","0","0","NA","-","08-Jun-2020 19:29","https://archives.nseindia.com/corporate/xbrl/IT_1073203_264162_08062020072944_WEB.xml"
"BAJFINANCE","Bajaj Finance Limited","7(2)","Shri Sidhant Dadwal","Employees/Designated Employees","Equity Shares","14526","0",,"9500","24042885","Sell","Equity Shares","5026","0","08-Jun-2020","08-Jun-2020","08-Jun-2020","Market Sale","-","-","0","0","0","0","NSE","-","08-Jun-2020 19:29","https://archives.nseindia.com/corporate/xbrl/IT_1073203_264162_08062020072944_WEB.xml"
"VMART","V-Mart Retail Limited","7(2)","Hemant Agarwal HUF","Promoters","Equity Shares","307249","1.69",,"25000","43006330","Sell","Equity Shares","282249","1.55","08-Jun-2020","08-Jun-2020","08-Jun-2020","Market Sale","-","-","0","0","0","0","BSE","-","08-Jun-2020 19:24","https://archives.nseindia.com/corporate/xbrl/IT_1073202_264159_08062020072421_WEB.xml"
"VMART","V-Mart Retail Limited","7(2)","Smiti Agarwal","Promoters","Equity Shares","363505","2",,"50000","85001000","Sell","Equity Shares","313505","1.73","05-Jun-2020","05-Jun-2020","08-Jun-2020","Market Sale","-","-","0","0","0","0","NSE","-","08-Jun-2020 19:24","https://archives.nseindia.com/corporate/xbrl/IT_1073202_264159_08062020072421_WEB.xml"
"VMART","V-Mart Retail Limited","7(2)","Hemant Agarwal HUF","Promoters","Equity Shares","282249","1.55",,"50000","85100000","Sell","Equity Shares","232249","1.28","08-Jun-2020","08-Jun-2020","08-Jun-2020","Market Sale","-","-","0","0","0","0","NSE","-","08-Jun-2020 19:24","https://archives.nseindia.com/corporate/xbrl/IT_1073202_264159_08062020072421_WEB.xml"
"MINDTREE","MindTree Limited","7(2)","Siddarth Krishna Kumar","Promoter Group","Equity Shares","499900","0.3",,"4500","4189500","Sell","Equity Shares","495400","0.3","04-Jun-2020","04-Jun-2020","05-Jun-2020","Market Sale","-","-","0","0","0","0","NSE","-","08-Jun-2020 19:10","https://archives.nseindia.com/corporate/xbrl/IT_1073200_264155_08062020071047_WEB.xml"
"MINDTREE","MindTree Limited","7(2)","SUBROTO BAGCHI-PROMOTER","Promoters","Equity Shares","4734305","2.88",,"40000","37580000","Sell","Equity Shares","4694305","2.85","04-Jun-2020","05-Jun-2020","06-Jun-2020","Market Sale","-","-","0","0","0","0","NSE","-","08-Jun-2020 19:00","https://archives.nseindia.com/corporate/xbrl/IT_1073198_264152_08062020070033_WEB.xml"
"AARTIIND","Aarti Industries Limited","7(2)","JAYA CHANDRAKANT GOGRI","Promoter Group","Equity Shares","6023652","3.46",,"15024","13773712","Sell","Equity Shares","6008628","3.45","05-Jun-2020","05-Jun-2020","06-Jun-2020","Market Sale","-","-","0","0","0","0","NSE","-","08-Jun-2020 18:49","https://archives.nseindia.com/corporate/xbrl/IT_1073196_264144_08062020064908_WEB.xml"
"DMART","Avenue Supermarts Limited","7(2)","Ramakant Baheti","Director","Equity Shares","2840339","0.43",,"5000","12470000","Sell","Equity Shares","2835339","0.43","05-Jun-2020","05-Jun-2020","05-Jun-2020","Market Sale","-","-","0","0","0","0","NSE","-","08-Jun-2020 18:46","https://archives.nseindia.com/corporate/xbrl/IT_1073194_264141_08062020064644_WEB.xml"
"DMART","Avenue Supermarts Limited","7(2)","Rajesh Seth","Employees/Designated Employees","Equity Shares","105500","0.01",,"1750","4260000","Sell","Equity Shares","103750","0.01","04-Jun-2020","05-Jun-2020","05-Jun-2020","Market Sale","-","-","0","0","0","0","NSE","-","08-Jun-2020 18:46","https://archives.nseindia.com/corporate/xbrl/IT_1073194_264141_08062020064644_WEB.xml"
"DMART","Avenue Supermarts Limited","7(2)","Sony Singh","Employees/Designated Employees","Equity Shares","1387","0",,"60","150000","Sell","Equity Shares","1327","0","05-Jun-2020","05-Jun-2020","08-Jun-2020","Market Sale","-","-","0","0","0","0","NSE","-","08-Jun-2020 18:46","https://archives.nseindia.com/corporate/xbrl/IT_1073194_264141_08062020064644_WEB.xml"
"DMART","Avenue Supermarts Limited","7(2)","Ashu Gupta","Key Managerial Personnel","Equity Shares","81900","0.01",,"200","501500","Sell","Equity Shares","81700","0.01","05-Jun-2020","05-Jun-2020","08-Jun-2020","Market Sale","-","-","0","0","0","0","NSE","-","08-Jun-2020 18:46","https://archives.nseindia.com/corporate/xbrl/IT_1073194_264141_08062020064644_WEB.xml"
"DMART","Avenue Supermarts Limited","7(2)","Narayanan Bhaskaran","Employees/Designated Employees","Equity Shares","357500","0.05",,"13000","32666920","Sell","Equity Shares","344500","0.05","05-Jun-2020","05-Jun-2020","05-Jun-2020","Market Sale","-","-","0","0","0","0","NSE","-","08-Jun-2020 18:46","https://archives.nseindia.com/corporate/xbrl/IT_1073194_264141_08062020064644_WEB.xml"
"ALEMBICLTD","Alembic Limited","7(2)","Nirayu Limited","Promoter Group","Equity Shares","154618132","60.21",,"3926391","212404248","Buy","Equity Shares","158544523","61.74","05-Jun-2020","05-Jun-2020","08-Jun-2020","Market Purchase","-","-","0","0","0","0","BSE,NSE","-","08-Jun-2020 18:44","https://archives.nseindia.com/corporate/xbrl/IT_1073191_264138_08062020064455_WEB.xml"
"MAXINDIA","Max India Limited","7(2)","Max Ventures Investment Holdings Pvt Ltd","Promoter Group","Equity Shares","103667976","38.55",,"950000","65835000","Pledge Revoke","Equity Shares","103667976","38.55","04-Jun-2020","04-Jun-2020","08-Jun-2020","Revokation of Pledge","-","-","0","0","0","0","NA","-","08-Jun-2020 18:44","https://archives.nseindia.com/corporate/xbrl/IT_1073190_264136_08062020064435_WEB.xml"
"CHAMBLFERT","Chambal Fertilizers & Chemicals Limited","7(2)","Arun Mahajan as Trustee of CFCL Employees Welfare Trust","Other","Equity Shares","918500","0.22",,"55500","4174550","Sell","Equity Shares","863000","0.21","05-Jun-2020","05-Jun-2020","05-Jun-2020","ESOP","-","-","0","0","0","0","NA","-","08-Jun-2020 18:31","https://archives.nseindia.com/corporate/xbrl/IT_1073187_264132_08062020063138_WEB.xml"
"CHAMBLFERT","Chambal Fertilizers & Chemicals Limited","7(2)","Virendra Kumar Gupta","Employees/Designated Employees","Equity Shares","Nil","0",,"19000","1416600","Buy","Equity Shares","19000","0","05-Jun-2020","05-Jun-2020","08-Jun-2020","ESOP","-","-","0","0","0","0","NA","-","08-Jun-2020 18:31","https://archives.nseindia.com/corporate/xbrl/IT_1073187_264132_08062020063138_WEB.xml"
"CHAMBLFERT","Chambal Fertilizers & Chemicals Limited","7(2)","Alpana Juneja","Employees/Designated Employees","Equity Shares","32000","0.01",,"8000","663200","Buy","Equity Shares","40000","0.01","05-Jun-2020","05-Jun-2020","08-Jun-2020","ESOP","-","-","0","0","0","0","NA","-","08-Jun-2020 18:31","https://archives.nseindia.com/corporate/xbrl/IT_1073187_264132_08062020063138_WEB.xml"
"CHAMBLFERT","Chambal Fertilizers & Chemicals Limited","7(2)","Virendra Kishore Kapoor","Employees/Designated Employees","Equity Shares","12500","0",,"9000","661500","Buy","Equity Shares","21500","0","05-Jun-2020","05-Jun-2020","08-Jun-2020","ESOP","-","-","0","0","0","0","NA","-","08-Jun-2020 18:31","https://archives.nseindia.com/corporate/xbrl/IT_1073187_264132_08062020063138_WEB.xml"
"AARTIDRUGS","Aarti Drugs Limited","7(2)","Jigna Hiren Shah","Promoter Group","Equity Shares","134806","0.58",,"4016","4070163","Sell","Equity Shares","130790","0.56","04-Jun-2020","04-Jun-2020","05-Jun-2020","Market Sale","-","-","0","0","0","0","NSE","-","08-Jun-2020 18:12","https://archives.nseindia.com/corporate/xbrl/IT_1073184_264123_08062020061200_WEB.xml"
"AARTIDRUGS","Aarti Drugs Limited","7(2)","Jay Manilal Savla","Promoter Group","Equity Shares","110837","0.48",,"5000","5004451","Sell","Equity Shares","105837","0.45","04-Jun-2020","04-Jun-2020","05-Jun-2020","Market Sale","-","-","0","0","0","0","NSE","-","08-Jun-2020 18:10","https://archives.nseindia.com/corporate/xbrl/IT_1073183_264121_08062020061028_WEB.xml"
"AARTIDRUGS","Aarti Drugs Limited","7(2)","Jay Manilal Savla (Momi's Trust)","Promoter Group","Equity Shares","166218","0.71",,"1000","1017036","Sell","Equity Shares","165218","0.71","04-Jun-2020","04-Jun-2020","05-Jun-2020","Market Sale","-","-","0","0","0","0","NSE","-","08-Jun-2020 18:09","https://archives.nseindia.com/corporate/xbrl/IT_1073182_264119_08062020060918_WEB.xml"
"AARTIDRUGS","Aarti Drugs Limited","7(2)","Jay Manilal Savla (Momi's Trust)","Promoter Group","Equity Shares","167218","0.72",,"1000","989910","Sell","Equity Shares","166218","0.71","03-Jun-2020","03-Jun-2020","05-Jun-2020","Market Sale","-","-","0","0","0","0","NSE","-","08-Jun-2020 18:09","https://archives.nseindia.com/corporate/xbrl/IT_1073182_264119_08062020060918_WEB.xml"
"BANDHANBNK","Bandhan Bank Limited","7(2)","VINESH BHIMJIBHAI JAGANI","Employees/Designated Employees","Equity Shares","39283","0",,"9000","2101050","Pledge Revoke","Equity Shares","39283","0","04-Jun-2020","04-Jun-2020","05-Jun-2020","Revokation of Pledge","-","-","0","0","0","0","NA","-","08-Jun-2020 17:54","https://archives.nseindia.com/corporate/xbrl/IT_1073180_264116_08062020055441_WEB.xml"
"NESCO","Nesco Limited","7(2)","CHANDLER & PRICE (I) PVT. LTD.","Promoter Group","Equity Shares","19535927","27.73",,"7573","3526308","Buy","Equity Shares","19543500","27.74","05-Jun-2020","05-Jun-2020","07-Jun-2020","Market Purchase","-","-","0","0","0","0","NSE","-","08-Jun-2020 17:48","https://archives.nseindia.com/corporate/xbrl/IT_1073178_264112_08062020054807_WEB.xml"
"SHK","S H Kelkar and Company Limited","7(2)","Kedar Vaze","Promoters","Equity Shares","15380614","10.88",,"1554000","101720797","Buy","Equity Shares","16934614","11.98","05-Jun-2020","05-Jun-2020","08-Jun-2020","Market Purchase","-","-","0","0","0","0","BSE","-","08-Jun-2020 17:38","https://archives.nseindia.com/corporate/xbrl/IT_1073175_264109_08062020053803_WEB.xml"
"SUNPHARMA","Sun Pharmaceutical Industries Limited","7(2)","Shanghvi Finance Private Limied","Promoter Group","Equity Shares","967051732","40.3",,"2850000","1408612500","Pledge Revoke","Equity Shares","967051732","40.3","05-Jun-2020","05-Jun-2020","08-Jun-2020","Revokation of Pledge","-","-","0","0","0","0","NA","-","08-Jun-2020 16:44","https://archives.nseindia.com/corporate/xbrl/IT_1073171_264103_08062020044431_WEB.xml"
"SUNPHARMA","Sun Pharmaceutical Industries Limited","7(2)","Sailesh T. Desai","Director","Equity Shares","2610747","0.12",,"708","337645","Pledge","Equity Shares","2610747","0.12","29-May-2020","29-May-2020","05-Jun-2020","Others","-","-","0","0","0","0","NA","-","08-Jun-2020 16:44","https://archives.nseindia.com/corporate/xbrl/IT_1073171_264103_08062020044431_WEB.xml"
"SUNPHARMA","Sun Pharmaceutical Industries Limited","7(2)","Sailesh T. Desai","Director","Equity Shares","2610747","0.12",,"1110","517149","Pledge","Equity Shares","2610747","0.12","01-Jun-2020","01-Jun-2020","05-Jun-2020","Others","-","-","0","0","0","0","NA","-","08-Jun-2020 16:44","https://archives.nseindia.com/corporate/xbrl/IT_1073171_264103_08062020044431_WEB.xml"
"OLECTRA","Olectra Greentech Limited","7(2)","L P Sashikumar","Promoters","Equity Shares","534350","0.65",,"500000","108650000","Pledge Revoke","Equity Shares","534350","0.65","02-Jun-2020","02-Jun-2020","04-Jun-2020","Revokation of Pledge","-","-","0","0","0","0","NA","-","08-Jun-2020 16:04","https://archives.nseindia.com/corporate/xbrl/IT_1073169_264100_08062020040411_WEB.xml"
"GATI","GATI Limited","7(2)","MAHENDRA KUMAR AGARWAL and Sons HUF","Promoter Group","Equity Shares","621083","0.51",,"75000","3037500","Pledge Invoke","Equity Shares","546083","0.45","04-Jun-2020","04-Jun-2020","08-Jun-2020","Invocation of pledge","-","-","0","0","0","0","NA","-","08-Jun-2020 15:55","https://archives.nseindia.com/corporate/xbrl/IT_1073168_264097_08062020035559_WEB.xml"
"JINDALSTEL","Jindal Steel & Power Limited","7(2)","Gagan Infraenergy Limited","Promoter Group","Equity Shares","49709952","4.88",,"1152768","167670106","Pledge Revoke","Equity Shares","49709952","4.88","05-Jun-2020","05-Jun-2020","08-Jun-2020","Revokation of Pledge","-","-","0","0","0","0","NA","-","08-Jun-2020 15:21","https://archives.nseindia.com/corporate/xbrl/IT_1073165_264092_08062020032153_WEB.xml"
"JINDALSTEL","Jindal Steel & Power Limited","7(2)","OPJ TRADING PRIVATE LIMITED","Promoter Group","Equity Shares","188413667","18.47",,"829232","120611794","Pledge Revoke","Equity Shares","188413667","18.47","05-Jun-2020","05-Jun-2020","08-Jun-2020","Revokation of Pledge","-","-","0","0","0","0","NA","-","08-Jun-2020 15:21","https://archives.nseindia.com/corporate/xbrl/IT_1073165_264092_08062020032153_WEB.xml"
"JINDALSTEL","Jindal Steel & Power Limited","7(2)","OPJ TRADING PRIVATE LIMITED","Promoter Group","Equity Shares","188413667","18.47",,"6320000","805168000","Pledge Revoke","Equity Shares","188413667","18.47","03-Jun-2020","03-Jun-2020","05-Jun-2020","Revokation of Pledge","-","-","0","0","0","0","NA","-","08-Jun-2020 15:21","https://archives.nseindia.com/corporate/xbrl/IT_1073165_264092_08062020032153_WEB.xml"
"JINDALSTEL","Jindal Steel & Power Limited","7(2)","Opelina Sustainable Services Limited","Promoter Group","Equity Shares","139300393","13.66",,"1880000","273446000","Pledge Revoke","Equity Shares","139300393","13.66","05-Jun-2020","05-Jun-2020","08-Jun-2020","Revokation of Pledge","-","-","0","0","0","0","NA","-","08-Jun-2020 15:21","https://archives.nseindia.com/corporate/xbrl/IT_1073165_264092_08062020032153_WEB.xml"
"APOLLOTYRE","Apollo Tyres Limited","7(2)","PTL Enterprises Limited","Promoter Group","Equity Shares","5530443","0.97",,"480000","50260145","Buy","Equity Shares","6010443","1.05","05-Jun-2020","05-Jun-2020","08-Jun-2020","Market Purchase","-","-","0","0","0","0","NSE","-","08-Jun-2020 14:46","https://archives.nseindia.com/corporate/xbrl/IT_1073163_264089_08062020024610_WEB.xml"
"APOLLOTYRE","Apollo Tyres Limited","7(2)","PTL Enterprises Limited","Promoter Group","Equity Shares","5520443","0.95",,"10000","1042412","Buy","Equity Shares","5530443","0.97","04-Jun-2020","04-Jun-2020","05-Jun-2020","Market Purchase","-","-","0","0","0","0","NSE","-","08-Jun-2020 14:46","https://archives.nseindia.com/corporate/xbrl/IT_1073163_264089_08062020024610_WEB.xml"
"APOLLOTYRE","Apollo Tyres Limited","7(2)","PTL Enterprises Limited","Promoter Group","Equity Shares","4885443","0.85",,"635000","68621277","Buy","Equity Shares","5520443","0.96","03-Jun-2020","03-Jun-2020","04-Jun-2020","Market Purchase","-","-","0","0","0","0","NSE","-","08-Jun-2020 14:46","https://archives.nseindia.com/corporate/xbrl/IT_1073163_264089_08062020024610_WEB.xml"
"ESCORTS","Escorts Limited","7(2)","SHAILENDRA AGRAWAL","Director","Equity Shares","10000","0.01",,"2410","2404336","Sell","Equity Shares","7590","0.01","03-Jun-2020","03-Jun-2020","05-Jun-2020","Market Sale","-","-","0","0","0","0","NSE","-","08-Jun-2020 14:37","https://archives.nseindia.com/corporate/xbrl/IT_1073161_264086_08062020023752_WEB.xml"
"QUESS","Quess Corp Limited","7(2)","Ajit Abraham Isaac","Promoters","Equity Shares","17966023","12.17",,"17700","5015412","Buy","Equity Shares","17983723","12.18","05-Jun-2020","05-Jun-2020","08-Jun-2020","Market Purchase","-","-","0","0","0","0","BSE","-","08-Jun-2020 14:29","https://archives.nseindia.com/corporate/xbrl/IT_1073159_264083_08062020022946_WEB.xml"
"APTECHT","Aptech Limited","7(2)","Jatin Koticha","Immediate relative","Equity Shares","49000","0.12",,"14000","1405740","Sell","Equity Shares","35000","0.01","04-Jun-2020","04-Jun-2020","05-Jun-2020","Market Sale","-","-","0","0","0","0","NSE","-","08-Jun-2020 13:22","https://archives.nseindia.com/corporate/xbrl/IT_1073157_264080_08062020012206_WEB.xml"
"SOLARA","Solara Active Pharma Sciences Limited","7(2)","CHAITANYA VAIDYA","Immediate relative","Equity Shares","13600","0.05",,"6400","3530880","Buy","Equity Shares","20000","0.07","05-Jun-2020","05-Jun-2020","06-Jun-2020","Market Purchase","-","-","0","0","0","0","NSE","-","08-Jun-2020 10:18","https://archives.nseindia.com/corporate/xbrl/IT_1073155_264060_08062020101833_WEB.xml"
"NESCO","Nesco Limited","7(2)","CHANDLER & PRICE (I) PVT. LTD.","Promoter Group","Equity Shares","19509927","27.69",,"26000","11986021","Buy","Equity Shares","19535927","27.73","03-Jun-2020","04-Jun-2020","05-Jun-2020","Market Purchase","-","-","0","0","0","0","NSE","-","06-Jun-2020 23:47","https://archives.nseindia.com/corporate/xbrl/IT_1073153_264030_06062020114710_WEB.xml"
"LEMONTREE","Lemon Tree Hotels Limited","7(2)","Davander Tomar","Employees/Designated Employees","Equity Shares","110316","0.01",,"300000","5682249","Buy","Equity Shares","410316","0.05","01-Jun-2020","01-Jun-2020","04-Jun-2020","Market Purchase","-","-","0","0","0","0","NSE","-","06-Jun-2020 21:48","https://archives.nseindia.com/corporate/xbrl/IT_1073151_264024_06062020094813_WEB.xml"
"FSL","Firstsource Solutions Limited","7(2)","Firstsource Employee Benefit Trust","Other","Equity Shares","4675100","0.67",,"1090000","39609243","Buy","Equity Shares","5765100","0.83","03-Jun-2020","03-Jun-2020","05-Jun-2020","Market Purchase","-","-","0","0","0","0","NSE","-","06-Jun-2020 21:07","https://archives.nseindia.com/corporate/xbrl/IT_1073150_264015_06062020090723_WEB.xml"
"FSL","Firstsource Solutions Limited","7(2)","Firstsource Employee Benefit Trust","Other","Equity Shares","5765100","0.83",,"900000","34272000","Buy","Equity Shares","6665100","0.96","05-Jun-2020","05-Jun-2020","05-Jun-2020","Market Purchase","-","-","0","0","0","0","NSE","-","06-Jun-2020 21:07","https://archives.nseindia.com/corporate/xbrl/IT_1073150_264015_06062020090723_WEB.xml"
"VAIBHAVGBL","Vaibhav Global Limited","7(2)","Vaibhav Global Employee Stock Option Welfare Trust","Other","Equity Shares","56780","0.18",,"5224","5751123","Sell","Equity Shares","51556","0.16","05-Jun-2020","05-Jun-2020","05-Jun-2020","Market Sale","-","-","0","0","0","0","NSE","-","06-Jun-2020 19:09","https://archives.nseindia.com/corporate/xbrl/IT_1073147_263994_06062020070903_WEB.xml"
"VAIBHAVGBL","Vaibhav Global Limited","7(2)","Vaibhav Global Employee Stock Option Welfare Trust","Other","Equity Shares","56908","0.18",,"128","141370","Sell","Equity Shares","56780","0.18","04-Jun-2020","04-Jun-2020","05-Jun-2020","Market Sale","-","-","0","0","0","0","NSE","-","06-Jun-2020 19:09","https://archives.nseindia.com/corporate/xbrl/IT_1073147_263994_06062020070903_WEB.xml"
"VAIBHAVGBL","Vaibhav Global Limited","7(2)","Vaibhav Global Employee Stock Option Welfare Trust","Other","Equity Shares","58211","0.18",,"1303","1435820","Sell","Equity Shares","56908","0.18","03-Jun-2020","03-Jun-2020","05-Jun-2020","Market Sale","-","-","0","0","0","0","NSE","-","06-Jun-2020 19:09","https://archives.nseindia.com/corporate/xbrl/IT_1073147_263994_06062020070903_WEB.xml"
"VAIBHAVGBL","Vaibhav Global Limited","7(2)","Vaibhav Global Employee Stock Option Welfare Trust","Other","Equity Shares","58566","0.18",,"355","390296","Sell","Equity Shares","58211","0.18","03-Jun-2020","03-Jun-2020","05-Jun-2020","Market Sale","-","-","0","0","0","0","BSE","-","06-Jun-2020 19:09","https://archives.nseindia.com/corporate/xbrl/IT_1073147_263994_06062020070903_WEB.xml"
"VISAKAIND","Visaka Industries Limited","7(2)","Dr. G Vivekanand","Promoters","Equity Shares","5999866","37.78",,"28264","5759829","Buy","Equity Shares","6028130","37.96","03-Jun-2020","04-Jun-2020","04-Jun-2020","Market Purchase","-","-","0","0","0","0","NSE","-","06-Jun-2020 17:32","https://archives.nseindia.com/corporate/xbrl/IT_1073145_263988_06062020053220_WEB.xml"
"VISAKAIND","Visaka Industries Limited","7(2)","Dr. G Vivekanand","Promoters","Equity Shares","5996930","37.76",,"2936","596069","Buy","Equity Shares","5999866","37.78","03-Jun-2020","04-Jun-2020","04-Jun-2020","Market Purchase","-","-","0","0","0","0","BSE","-","06-Jun-2020 17:32","https://archives.nseindia.com/corporate/xbrl/IT_1073145_263988_06062020053220_WEB.xml"
"AAVAS","Aavas Financiers Limited","7(2)","VEENA KUMARI TANDON","Immediate relative","Equity Shares","125156","0.02",,"1500","1688000","Sell","Equity Shares","123656","0.15","02-Jun-2020","04-Jun-2020","05-Jun-2020","Market Sale","-","-","0","0","0","0","NSE","-","06-Jun-2020 16:43","https://archives.nseindia.com/corporate/xbrl/IT_1073142_263969_06062020044340_WEB.xml"
"HDFCBANK","HDFC Bank Limited","7(2)","Swaminathan Sathyamurthy","Employees/Designated Employees","Equity Shares","9004","0",,"7000","7203000","Sell","Equity Shares","2004","0","05-Jun-2020","05-Jun-2020","05-Jun-2020","Market Sale","-","-","0","0","0","0","NSE","-","06-Jun-2020 16:13","https://archives.nseindia.com/corporate/xbrl/IT_1073140_263938_06062020041303_WEB.xml"
"HDFCBANK","HDFC Bank Limited","7(2)","Vijay Krishna Mulbagal","Employees/Designated Employees","Equity Shares","46250","0",,"2506","2598346","Sell","Equity Shares","43744","0","03-Jun-2020","05-Jun-2020","05-Jun-2020","Market Sale","-","-","0","0","0","0","NSE","-","06-Jun-2020 16:13","https://archives.nseindia.com/corporate/xbrl/IT_1073140_263938_06062020041303_WEB.xml"
"HDFCBANK","HDFC Bank Limited","7(2)","Sangeetha Sankar","Employees/Designated Employees","Equity Shares","7600","0",,"1000","1005717","Sell","Equity Shares","6600","0","02-Jun-2020","03-Jun-2020","04-Jun-2020","Market Sale","-","-","0","0","0","0","NSE","-","06-Jun-2020 16:13","https://archives.nseindia.com/corporate/xbrl/IT_1073140_263938_06062020041303_WEB.xml"
"HDFCBANK","HDFC Bank Limited","7(2)","Ramnath V Raikar","Employees/Designated Employees","Equity Shares","209068","0",,"2000","2049767","Buy","Equity Shares","211068","0","04-Jun-2020","04-Jun-2020","05-Jun-2020","Market Purchase","-","-","0","0","0","0","NSE","-","06-Jun-2020 16:13","https://archives.nseindia.com/corporate/xbrl/IT_1073140_263938_06062020041303_WEB.xml"
"HDFCBANK","HDFC Bank Limited","7(2)","Ashima Khanna Bhat","Employees/Designated Employees","Equity Shares","1288000","0.02",,"5000","5140000","Sell","Equity Shares","1283000","0.02","04-Jun-2020","04-Jun-2020","05-Jun-2020","Market Sale","-","-","0","0","0","0","NSE","-","06-Jun-2020 16:13","https://archives.nseindia.com/corporate/xbrl/IT_1073140_263938_06062020041303_WEB.xml"
"HDFCBANK","HDFC Bank Limited","7(2)","Ashish Punnose Abraham","Employees/Designated Employees","Equity Shares","16000","0",,"5000","5060593","Sell","Equity Shares","11000","0","04-Jun-2020","04-Jun-2020","05-Jun-2020","Market Sale","-","-","0","0","0","0","NSE","-","06-Jun-2020 16:13","https://archives.nseindia.com/corporate/xbrl/IT_1073140_263938_06062020041303_WEB.xml"
"HDFCBANK","HDFC Bank Limited","7(2)","Anil L Bhavnani","Employees/Designated Employees","Equity Shares","331130","0.01",,"4200","4341780","Sell","Equity Shares","326930","0.01","04-Jun-2020","05-Jun-2020","05-Jun-2020","Market Sale","-","-","0","0","0","0","NSE","-","06-Jun-2020 16:13","https://archives.nseindia.com/corporate/xbrl/IT_1073140_263938_06062020041303_WEB.xml"
"HDFCBANK","HDFC Bank Limited","7(2)","Akhilesh Dharmadhikari","Employees/Designated Employees","Equity Shares","61130","0",,"5000","5076279","Sell","Equity Shares","56130","0","01-Jun-2020","03-Jun-2020","04-Jun-2020","Market Sale","-","-","0","0","0","0","NSE","-","06-Jun-2020 16:13","https://archives.nseindia.com/corporate/xbrl/IT_1073140_263938_06062020041303_WEB.xml"
"HDFCBANK","HDFC Bank Limited","7(2)","Gaurav Khandelwal","Employees/Designated Employees","Equity Shares","123000","0",,"2000","2078400","Sell","Equity Shares","121000","0","03-Jun-2020","03-Jun-2020","05-Jun-2020","Market Sale","-","-","0","0","0","0","NSE","-","06-Jun-2020 16:13","https://archives.nseindia.com/corporate/xbrl/IT_1073140_263938_06062020041303_WEB.xml"
"HDFCBANK","HDFC Bank Limited","7(2)","Laxmi Nandikesan","Employees/Designated Employees","Equity Shares","34600","0",,"1500","1548000","Sell","Equity Shares","33100","0","03-Jun-2020","03-Jun-2020","05-Jun-2020","Market Sale","-","-","0","0","0","0","NSE","-","06-Jun-2020 16:13","https://archives.nseindia.com/corporate/xbrl/IT_1073140_263938_06062020041303_WEB.xml"
"HDFCBANK","HDFC Bank Limited","7(2)","Rajeev Sengupta","Employees/Designated Employees","Equity Shares","80916","0",,"9500","9695985","Sell","Equity Shares","71416","0","03-Jun-2020","03-Jun-2020","04-Jun-2020","Market Sale","-","-","0","0","0","0","NSE","-","06-Jun-2020 16:13","https://archives.nseindia.com/corporate/xbrl/IT_1073140_263938_06062020041303_WEB.xml"
"HDFCBANK","HDFC Bank Limited","7(2)","Anand Mankodi","Employees/Designated Employees","Equity Shares","208000","0",,"3000","3056500","Sell","Equity Shares","205000","0","02-Jun-2020","04-Jun-2020","05-Jun-2020","Market Sale","-","-","0","0","0","0","NSE","-","06-Jun-2020 16:13","https://archives.nseindia.com/corporate/xbrl/IT_1073140_263938_06062020041303_WEB.xml"
"HDFCBANK","HDFC Bank Limited","7(2)","Ashish Agarwal","Employees/Designated Employees","Equity Shares","73300","0",,"5000","5157960","Sell","Equity Shares","68300","0","03-Jun-2020","03-Jun-2020","04-Jun-2020","Market Sale","-","-","0","0","0","0","NSE","-","06-Jun-2020 16:13","https://archives.nseindia.com/corporate/xbrl/IT_1073140_263938_06062020041303_WEB.xml"
"HDFCBANK","HDFC Bank Limited","7(2)","Augustine Quadros","Employees/Designated Employees","Equity Shares","29590","0",,"20000","20204500","Sell","Equity Shares","9590","0","04-Jun-2020","05-Jun-2020","05-Jun-2020","Market Sale","-","-","0","0","0","0","NSE","-","06-Jun-2020 16:13","https://archives.nseindia.com/corporate/xbrl/IT_1073140_263938_06062020041303_WEB.xml"
"HDFCBANK","HDFC Bank Limited","7(2)","Anand Ashok Mathur","Employees/Designated Employees","Equity Shares","2962","0",,"900","932500","Sell","Equity Shares","2062","0","03-Jun-2020","03-Jun-2020","04-Jun-2020","Market Sale","-","-","0","0","0","0","NSE","-","06-Jun-2020 16:13","https://archives.nseindia.com/corporate/xbrl/IT_1073140_263938_06062020041303_WEB.xml"
"HDFCBANK","HDFC Bank Limited","7(2)","Munish Mittal","Employees/Designated Employees","Equity Shares","84700","0",,"14400","14806801","Sell","Equity Shares","70300","0","03-Jun-2020","04-Jun-2020","05-Jun-2020","Market Sale","-","-","0","0","0","0","NSE","-","06-Jun-2020 16:13","https://archives.nseindia.com/corporate/xbrl/IT_1073140_263938_06062020041303_WEB.xml"
"HDFCBANK","HDFC Bank Limited","7(2)","Ramnath V Raikar","Employees/Designated Employees","Equity Shares","226068","0",,"17000","15425035","Sell","Equity Shares","209068","0","03-Jun-2020","03-Jun-2020","04-Jun-2020","Market Sale","-","-","0","0","0","0","NSE","-","06-Jun-2020 16:13","https://archives.nseindia.com/corporate/xbrl/IT_1073140_263938_06062020041303_WEB.xml"
"HDFCBANK","HDFC Bank Limited","7(2)","Ritesh Sampat","Employees/Designated Employees","Equity Shares","30000","0",,"2000","2068800","Sell","Equity Shares","28000","0","03-Jun-2020","03-Jun-2020","04-Jun-2020","Market Sale","-","-","0","0","0","0","NSE","-","06-Jun-2020 16:13","https://archives.nseindia.com/corporate/xbrl/IT_1073140_263938_06062020041303_WEB.xml"
"HDFCBANK","HDFC Bank Limited","7(2)","Sanjay John D'Souza","Employees/Designated Employees","Equity Shares","39600","0",,"9600","9910000","Sell","Equity Shares","30000","0","03-Jun-2020","03-Jun-2020","04-Jun-2020","Market Sale","-","-","0","0","0","0","NSE","-","06-Jun-2020 16:13","https://archives.nseindia.com/corporate/xbrl/IT_1073140_263938_06062020041303_WEB.xml"
"M&M","Mahindra & Mahindra Limited","7(2)","Prashant Vishwas Harkare","Employees/Designated Employees","Equity Shares","2694","0",,"2154","1031012","Buy","Equity Shares","4848","0","04-Jun-2020","04-Jun-2020","04-Jun-2020","ESOP","-","-","0","0","0","0","NA","-","06-Jun-2020 14:09","https://archives.nseindia.com/corporate/xbrl/IT_1073138_263913_06062020020947_WEB.xml"
"M&M","Mahindra & Mahindra Limited","7(2)","Ashish Malik","Employees/Designated Employees","Equity Shares","40062","0",,"3786","1812169","Buy","Equity Shares","43848","0","04-Jun-2020","04-Jun-2020","04-Jun-2020","ESOP","-","-","0","0","0","0","NA","-","06-Jun-2020 14:09","https://archives.nseindia.com/corporate/xbrl/IT_1073138_263913_06062020020947_WEB.xml"
"M&M","Mahindra & Mahindra Limited","7(2)","Mr. Narayan Shankar","Employees/Designated Employees","Equity Shares","23132","0",,"6216","2975288","Buy","Equity Shares","29348","0","04-Jun-2020","04-Jun-2020","04-Jun-2020","ESOP","-","-","0","0","0","0","NA","-","06-Jun-2020 14:09","https://archives.nseindia.com/corporate/xbrl/IT_1073138_263913_06062020020947_WEB.xml"
"M&M","Mahindra & Mahindra Limited","7(2)","Ravindra Shahane","Employees/Designated Employees","Equity Shares","23450","0",,"5858","2803932","Buy","Equity Shares","29308","0","04-Jun-2020","04-Jun-2020","05-Jun-2020","ESOP","-","-","0","0","0","0","NA","-","06-Jun-2020 14:09","https://archives.nseindia.com/corporate/xbrl/IT_1073138_263913_06062020020947_WEB.xml"
"M&M","Mahindra & Mahindra Limited","7(2)","ARVIND KUMAR MEHRA","Employees/Designated Employees","Equity Shares","69358","0.01",,"9642","4615143","Buy","Equity Shares","79000","0.01","04-Jun-2020","04-Jun-2020","05-Jun-2020","ESOP","-","-","0","0","0","0","NA","-","06-Jun-2020 14:09","https://archives.nseindia.com/corporate/xbrl/IT_1073138_263913_06062020020947_WEB.xml"
"M&M","Mahindra & Mahindra Limited","7(2)","Mr. Harish Chavan","Employees/Designated Employees","Equity Shares","29214","0",,"5328","2550247","Buy","Equity Shares","34542","0","04-Jun-2020","04-Jun-2020","05-Jun-2020","ESOP","-","-","0","0","0","0","NA","-","06-Jun-2020 14:09","https://archives.nseindia.com/corporate/xbrl/IT_1073138_263913_06062020020947_WEB.xml"
"M&M","Mahindra & Mahindra Limited","7(2)","ATUL D JOSHI","Employees/Designated Employees","Equity Shares","31906","0",,"3640","1742286","Buy","Equity Shares","35546","0","04-Jun-2020","04-Jun-2020","05-Jun-2020","ESOP","-","-","0","0","0","0","NA","-","06-Jun-2020 14:09","https://archives.nseindia.com/corporate/xbrl/IT_1073138_263913_06062020020947_WEB.xml"
"M&M","Mahindra & Mahindra Limited","7(2)","JOYDEEP MOITRA","Employees/Designated Employees","Equity Shares","29254","0",,"2186","1046329","Buy","Equity Shares","31440","0","04-Jun-2020","04-Jun-2020","05-Jun-2020","ESOP","-","-","0","0","0","0","NA","-","06-Jun-2020 14:09","https://archives.nseindia.com/corporate/xbrl/IT_1073138_263913_06062020020947_WEB.xml"
"M&M","Mahindra & Mahindra Limited","7(2)","Vijay Nair","Employees/Designated Employees","Equity Shares","17717","0",,"3732","1786322","Buy","Equity Shares","21449","0","04-Jun-2020","04-Jun-2020","05-Jun-2020","ESOP","-","-","0","0","0","0","NA","-","06-Jun-2020 14:09","https://archives.nseindia.com/corporate/xbrl/IT_1073138_263913_06062020020947_WEB.xml"
"M&M","Mahindra & Mahindra Limited","7(2)","Hemant Sikka","Employees/Designated Employees","Equity Shares","59969","0",,"7204","3448195","Buy","Equity Shares","67173","0.01","04-Jun-2020","04-Jun-2020","05-Jun-2020","ESOP","-","-","0","0","0","0","NA","-","06-Jun-2020 14:09","https://archives.nseindia.com/corporate/xbrl/IT_1073138_263913_06062020020947_WEB.xml"
"M&M","Mahindra & Mahindra Limited","7(2)","Mr. Abhay Wamanrao Kulkarni","Employees/Designated Employees","Equity Shares","42438","0",,"2896","1386170","Buy","Equity Shares","45334","0","04-Jun-2020","04-Jun-2020","05-Jun-2020","ESOP","-","-","0","0","0","0","NA","-","06-Jun-2020 14:09","https://archives.nseindia.com/corporate/xbrl/IT_1073138_263913_06062020020947_WEB.xml"
"M&M","Mahindra & Mahindra Limited","7(2)","Mr. Ashok Sharma","Employees/Designated Employees","Equity Shares","4538","0",,"3768","1803553","Buy","Equity Shares","8306","0","04-Jun-2020","04-Jun-2020","05-Jun-2020","ESOP","-","-","0","0","0","0","NA","-","06-Jun-2020 14:09","https://archives.nseindia.com/corporate/xbrl/IT_1073138_263913_06062020020947_WEB.xml"
"M&M","Mahindra & Mahindra Limited","7(2)","RAMKRIPA ANANTHAN","Employees/Designated Employees","Equity Shares","34390","0",,"3929","1880616","Buy","Equity Shares","38319","0","04-Jun-2020","04-Jun-2020","05-Jun-2020","ESOP","-","-","0","0","0","0","NA","-","06-Jun-2020 14:09","https://archives.nseindia.com/corporate/xbrl/IT_1073138_263913_06062020020947_WEB.xml"
"M&M","Mahindra & Mahindra Limited","7(2)","Mr. Anirban Ghosh","Employees/Designated Employees","Equity Shares","64490","0.01",,"3276","1568057","Buy","Equity Shares","67766","0.01","04-Jun-2020","04-Jun-2020","04-Jun-2020","ESOP","-","-","0","0","0","0","NA","-","06-Jun-2020 14:09","https://archives.nseindia.com/corporate/xbrl/IT_1073138_263913_06062020020947_WEB.xml"
"M&M","Mahindra & Mahindra Limited","7(2)","Kairas Vakharia","Employees/Designated Employees","Equity Shares","18126","0",,"7337","3511855","Buy","Equity Shares","25463","0","04-Jun-2020","04-Jun-2020","05-Jun-2020","ESOP","-","-","0","0","0","0","NA","-","06-Jun-2020 14:09","https://archives.nseindia.com/corporate/xbrl/IT_1073138_263913_06062020020947_WEB.xml"
"M&M","Mahindra & Mahindra Limited","7(2)","NACHIKET KODKANI","Employees/Designated Employees","Equity Shares","10175","0",,"2196","1051115","Buy","Equity Shares","12371","0","04-Jun-2020","04-Jun-2020","04-Jun-2020","ESOP","-","-","0","0","0","0","NA","-","06-Jun-2020 14:09","https://archives.nseindia.com/corporate/xbrl/IT_1073138_263913_06062020020947_WEB.xml"
"M&M","Mahindra & Mahindra Limited","7(2)","Mr. Pravin Nagindas Shah","Employees/Designated Employees","Equity Shares","155150","0.01",,"9800","4690770","Buy","Equity Shares","164950","0.01","04-Jun-2020","04-Jun-2020","05-Jun-2020","ESOP","-","-","0","0","0","0","NA","-","06-Jun-2020 14:09","https://archives.nseindia.com/corporate/xbrl/IT_1073138_263913_06062020020947_WEB.xml"
"SUNDARMFIN","Sundaram Finance Limited","7(2)","Srinivas Acharya","Other","Equity Shares","55752","0.05",,"1000","10000","Buy","Equity Shares","56752","0.05","04-Jun-2020","04-Jun-2020","05-Jun-2020","ESOP","-","-","0","0","0","0","NA","-","06-Jun-2020 08:26","https://archives.nseindia.com/corporate/xbrl/IT_1073137_263856_06062020082647_WEB.xml"
"SUNDARMFIN","Sundaram Finance Limited","7(2)","A N Raju","Key Managerial Personnel","Equity Shares","35028","0.03",,"2500","25000","Buy","Equity Shares","37528","0.03","04-Jun-2020","04-Jun-2020","05-Jun-2020","ESOP","-","-","0","0","0","0","NA","-","06-Jun-2020 08:26","https://archives.nseindia.com/corporate/xbrl/IT_1073137_263856_06062020082647_WEB.xml"
"SUNDARMFIN","Sundaram Finance Limited","7(2)","P Viswanathan","Key Managerial Personnel","Equity Shares","32656","0.03",,"2000","20000","Buy","Equity Shares","34656","0.03","04-Jun-2020","04-Jun-2020","05-Jun-2020","ESOP","-","-","0","0","0","0","NA","-","06-Jun-2020 08:26","https://archives.nseindia.com/corporate/xbrl/IT_1073137_263856_06062020082647_WEB.xml"
"SUNDARMFIN","Sundaram Finance Limited","7(2)","M Ramaswamy","Key Managerial Personnel","Equity Shares","30902","0.03",,"2500","25000","Buy","Equity Shares","33402","0.03","04-Jun-2020","04-Jun-2020","05-Jun-2020","ESOP","-","-","0","0","0","0","NA","-","06-Jun-2020 08:26","https://archives.nseindia.com/corporate/xbrl/IT_1073137_263856_06062020082647_WEB.xml"